{"num examples": 50000, "read 5000": 0.2146801049966598, "read 50000": 2.115211837008246, "read_batch 50000 10": 1.4512460459955037, "read_batch 50000 100": 1.385236697999062, "read_batch 50000 1000": 1.4181318079936318, "read_formatted numpy 5000": 4.044872473998112, "read_formatted pandas 5000": 3.4310112629900686, "read_formatted torch 5000": 4.470335923993844, "read_formatted tensorflow 5000": 5.384795637000934, "read_formatted_batch numpy 5000 10": 0.4460094000096433, "read_formatted_batch numpy 5000 1000": 0.007665968994842842, "shuffled read 5000": 0.2283045439980924, "shuffled read 50000": 2.2466989499953343, "shuffled read_batch 50000 10": 59.94365781600936, "shuffled read_batch 50000 100": 7.204961794006522, "shuffled read_batch 50000 1000": 2.4927480350015685, "shuffled read_formatted numpy 5000": 4.631365966997691, "shuffled read_formatted_batch numpy 5000 10": 6.5569094810052775, "shuffled read_formatted_batch numpy 5000 1000": 0.06912206900597084}