{"write_array2d": 0.07093274600629229, "read_unformated after write_array2d": 0.03530075500020757, "read_formatted_as_numpy after write_array2d": 0.10929270699853078, "read_batch_unformated after write_array2d": 0.03727920600795187, "read_batch_formatted_as_numpy after write_array2d": 0.018853643006877974, "read_col_unformated after write_array2d": 0.05644163000397384, "read_col_formatted_as_numpy after write_array2d": 0.011610292000113986, "write_nested_sequence": 1.6535991109994939, "read_unformated after write_nested_sequence": 0.3739209540071897, "read_formatted_as_numpy after write_nested_sequence": 0.40762836500653066, "read_batch_unformated after write_nested_sequence": 0.3337586460111197, "read_batch_formatted_as_numpy after write_nested_sequence": 0.054717567007173784, "read_col_unformated after write_nested_sequence": 0.3173944180016406, "read_col_formatted_as_numpy after write_nested_sequence": 0.004956340009812266, "write_flattened_sequence": 1.4975415869994322, "read_unformated after write_flattened_sequence": 0.26713552299770527, "read_formatted_as_numpy after write_flattened_sequence": 0.07673935199272819, "read_batch_unformated after write_flattened_sequence": 0.25450974798877724, "read_batch_formatted_as_numpy after write_flattened_sequence": 0.009374254994327202, "read_col_unformated after write_flattened_sequence": 0.25912448299641255, "read_col_formatted_as_numpy after write_flattened_sequence": 0.004277604995877482}