{"write_array2d": 0.07345082300162176, "read_unformated after write_array2d": 0.03376934900006745, "read_formatted_as_numpy after write_array2d": 0.10403026299900375, "read_batch_unformated after write_array2d": 0.02255427199997939, "read_batch_formatted_as_numpy after write_array2d": 0.010740192003140692, "read_col_unformated after write_array2d": 0.0309327659997507, "read_col_formatted_as_numpy after write_array2d": 0.007633989000169095, "write_nested_sequence": 1.6530629879998742, "read_unformated after write_nested_sequence": 0.3101021370021044, "read_formatted_as_numpy after write_nested_sequence": 0.37363445200026035, "read_batch_unformated after write_nested_sequence": 0.3433918299997458, "read_batch_formatted_as_numpy after write_nested_sequence": 0.04987177500152029, "read_col_unformated after write_nested_sequence": 0.3506132959955721, "read_col_formatted_as_numpy after write_nested_sequence": 0.004464177000045311, "write_flattened_sequence": 1.4932428549946053, "read_unformated after write_flattened_sequence": 0.239803470998595, "read_formatted_as_numpy after write_flattened_sequence": 0.07167015099548735, "read_batch_unformated after write_flattened_sequence": 0.2350204680042225, "read_batch_formatted_as_numpy after write_flattened_sequence": 0.009434915999008808, "read_col_unformated after write_flattened_sequence": 0.24940258399874438, "read_col_formatted_as_numpy after write_flattened_sequence": 0.003975299005105626}