{"num examples": 500000, "select": 0.034579699000460096, "sort": 0.5558962740033166, "shuffle": 0.18372017299407162, "train_test_split": 0.29882429300050717, "shard": 0.014594822001527064}
