{"select": 1.5531347629948868, "sort": 3.363875264003582, "shuffle": 3.345788149999862, "train_test_split": 3.5218157089984743, "shard": 3.383376733007026}