{"num examples": 500000, "map identity": 10.665630593008245, "map identity batched": 0.7198751819960307, "map no-op batched": 0.5252309559873538, "map no-op batched numpy": 0.5331113779975567, "map no-op batched pandas": 0.3913883039931534, "map no-op batched pytorch": 0.5091918510006508, "map no-op batched tensorflow": 1.2273747170111164, "map fast-tokenizer batched": 8.285753931006184, "filter": 1.7507986380078364}