{"num examples": 50000, "read 5000": 0.2152090710005723, "read 50000": 2.077654693988734, "read_batch 50000 10": 1.5041199039987987, "read_batch 50000 100": 1.5411947140091797, "read_batch 50000 1000": 1.4684901159926085, "read_formatted numpy 5000": 4.584776938994764, "read_formatted pandas 5000": 3.7457121399929747, "read_formatted torch 5000": 4.565676491998602, "read_formatted tensorflow 5000": 5.269861594992108, "read_formatted_batch numpy 5000 10": 0.4242750950070331, "read_formatted_batch numpy 5000 1000": 0.007607111998368055, "shuffled read 5000": 0.22604441999283154, "shuffled read 50000": 2.268928524994408, "shuffled read_batch 50000 10": 55.44462437101174, "shuffled read_batch 50000 100": 6.876476717996411, "shuffled read_batch 50000 1000": 2.1420724369963864, "shuffled read_formatted numpy 5000": 4.8052272600034485, "shuffled read_formatted_batch numpy 5000 10": 6.500664097999106, "shuffled read_formatted_batch numpy 5000 1000": 0.0754691059992183}