{"num examples": 50000, "read 5000": 0.21290433799731545, "read 50000": 2.0477386220009066, "read_batch 50000 10": 1.592661151997163, "read_batch 50000 100": 1.4850613460002933, "read_batch 50000 1000": 1.6723709029902238, "read_formatted numpy 5000": 4.070887175999815, "read_formatted pandas 5000": 3.518504507999751, "read_formatted torch 5000": 4.370158307996462, "read_formatted tensorflow 5000": 5.31719150301069, "read_formatted_batch numpy 5000 10": 0.5478489240049385, "read_formatted_batch numpy 5000 1000": 0.009757797000929713, "shuffled read 5000": 0.20594613600405864, "shuffled read 50000": 2.053363982005976, "shuffled read_batch 50000 10": 1.5347123419924174, "shuffled read_batch 50000 100": 1.4542497420043219, "shuffled read_batch 50000 1000": 1.5706908029969782, "shuffled read_formatted numpy 5000": 4.140602247993229, "shuffled read_formatted_batch numpy 5000 10": 0.4237971819966333, "shuffled read_formatted_batch numpy 5000 1000": 0.007346331010921858}