{"num examples": 500000, "select": 0.03741131999413483, "sort": 0.7371353159978753, "shuffle": 0.17655655200360343, "train_test_split": 0.29633847798686475, "shard": 0.01452581599005498}