{"num examples": 500000, "select": 0.032128702994668856, "sort": 0.7588156510028057, "shuffle": 0.17072709600324742, "train_test_split": 0.2979350880050333, "shard": 0.014471761009190232}