{"write_array2d": 0.14168284999323077, "read_unformated after write_array2d": 0.04353281999647152, "read_formatted_as_numpy after write_array2d": 0.1285462469968479, "read_batch_unformated after write_array2d": 0.023109222995117307, "read_batch_formatted_as_numpy after write_array2d": 0.011352884990628809, "read_col_unformated after write_array2d": 0.037052362007671036, "read_col_formatted_as_numpy after write_array2d": 0.007985618998645805, "write_nested_sequence": 1.4927163410029607, "read_unformated after write_nested_sequence": 0.28319963401008863, "read_formatted_as_numpy after write_nested_sequence": 0.419271487990045, "read_batch_unformated after write_nested_sequence": 0.3234798710036557, "read_batch_formatted_as_numpy after write_nested_sequence": 0.03850809299910907, "read_col_unformated after write_nested_sequence": 0.29384092400141526, "read_col_formatted_as_numpy after write_nested_sequence": 0.004250421989127062, "write_flattened_sequence": 1.4521546780015342, "read_unformated after write_flattened_sequence": 0.25513897799828555, "read_formatted_as_numpy after write_flattened_sequence": 0.07564631900459062, "read_batch_unformated after write_flattened_sequence": 0.2758980469952803, "read_batch_formatted_as_numpy after write_flattened_sequence": 0.011008214991306886, "read_col_unformated after write_flattened_sequence": 0.25848906899045687, "read_col_formatted_as_numpy after write_flattened_sequence": 0.004328447001171298}