{"num examples": 500000, "map identity": 10.19139202599763, "map identity batched": 0.6804238399927272, "map no-op batched": 0.5342009569867514, "map no-op batched numpy": 0.5792830920108827, "map no-op batched pandas": 0.4343639040016569, "map no-op batched pytorch": 0.5403374370071106, "map no-op batched tensorflow": 1.3869360350072384, "map fast-tokenizer batched": 8.074308118986664, "filter": 1.841787679004483}