{"write_array2d": 0.12848272499999958, "read_unformated after write_array2d": 0.04706801599999988, "read_formatted_as_numpy after write_array2d": 0.1444605860000001, "read_batch_unformated after write_array2d": 0.024484512999999986, "read_batch_formatted_as_numpy after write_array2d": 0.012198704000000227, "read_col_unformated after write_array2d": 0.03760075499999971, "read_col_formatted_as_numpy after write_array2d": 0.007765436999999764, "write_nested_sequence": 1.4636784010000001, "read_unformated after write_nested_sequence": 0.2796933749999999, "read_formatted_as_numpy after write_nested_sequence": 0.3517023419999994, "read_batch_unformated after write_nested_sequence": 0.2749938950000006, "read_batch_formatted_as_numpy after write_nested_sequence": 0.03800968200000021, "read_col_unformated after write_nested_sequence": 0.30501196099999994, "read_col_formatted_as_numpy after write_nested_sequence": 0.0043058750000000146, "write_flattened_sequence": 1.3281191339999996, "read_unformated after write_flattened_sequence": 0.252935076, "read_formatted_as_numpy after write_flattened_sequence": 0.08226978300000098, "read_batch_unformated after write_flattened_sequence": 0.29052068399999875, "read_batch_formatted_as_numpy after write_flattened_sequence": 0.010295678000000308, "read_col_unformated after write_flattened_sequence": 0.24889378100000137, "read_col_formatted_as_numpy after write_flattened_sequence": 0.0039532019999999335}